	louvain	celltype	X	Y
Cell_0	13	ExcitatoryL2and3	1632.02	-1305.7
Cell_1	3	ExcitatoryL2and3	1589.47	-669.51
Cell_2	3	ExcitatoryL2and3	1539.89	-1185.9
Cell_3	7	Inhibitory	1513.94	-710.24
Cell_4	6	ExcitatoryL4	1477.85	-763.87
Cell_5	7	Inhibitory	1304.03	-1142.4
Cell_6	3	ExcitatoryL2and3	1291.34	-957.71
Cell_7	7	Inhibitory	1282.49	-1725.4
Cell_8	3	ExcitatoryL2and3	1218.73	-806.56
Cell_9	3	ExcitatoryL2and3	1192.59	-1800.1
Cell_10	3	ExcitatoryL2and3	1202.12	-1886.0
Cell_11	3	ExcitatoryL2and3	1183.07	-950.97
Cell_12	20	Micro	1162.46	-593.51
Cell_13	3	ExcitatoryL2and3	1128.82	-1596.5
Cell_14	3	ExcitatoryL2and3	1115.86	-1021.4
Cell_15	7	Inhibitory	1102.88	-1696.0
Cell_16	19	Astro	1074.92	-391.16
Cell_17	3	ExcitatoryL2and3	1045.9	-597.81
Cell_18	20	Micro	1037.4	-1865.2
Cell_19	9	ExcitatoryL2and3	1024.7	-469.54
Cell_20	3	ExcitatoryL2and3	1017.8	-1636.6
Cell_21	7	Inhibitory	1006.0	-344.12
Cell_22	2	Endo	992.9	-1293.3
Cell_23	7	Inhibitory	980.8	-1378.9
Cell_24	6	ExcitatoryL4	938.6	-1594.2
Cell_25	7	Inhibitory	922.8	-822.23
Cell_26	6	ExcitatoryL4	923.3	-560.36
Cell_27	6	ExcitatoryL4	912.5	-742.3
Cell_28	3	ExcitatoryL2and3	913.1	-1751.6
Cell_29	6	ExcitatoryL4	882.0	-668.36
Cell_30	3	ExcitatoryL2and3	810.5	-241.57
Cell_31	3	ExcitatoryL2and3	800.9	-624.11
Cell_32	3	ExcitatoryL2and3	802.4	-103.12
Cell_33	3	ExcitatoryL2and3	798.2	-449.39
Cell_34	2	Endo	752.7	-1342.6
Cell_35	23	Inhibitory	704.5	-407.86
Cell_36	10	Astro	618.2	-894.7
Cell_37	2	Endo	610.6	-1272.8
Cell_38	20	Micro	612.9	-1363.8
Cell_39	10	Astro	565.4	-421.27
Cell_40	3	ExcitatoryL2and3	553.6	-271.42
Cell_41	10	Astro	531.9	-1069.0
Cell_42	10	Astro	460.6	-426.59
Cell_43	2	Endo	417.4	-669.71
Cell_44	10	Astro	359.3	-782.61
Cell_45	20	Micro	348.1	-228.25
Cell_46	7	Inhibitory	354.2	-442.86
Cell_47	10	Astro	341.4	-973.21
Cell_48	7	Inhibitory	321.0	-1201.2
Cell_49	20	Micro	321.4	-854.77
Cell_50	10	Astro	1924.97	-855.84
Cell_51	3	ExcitatoryL2and3	1838.05	-469.57
Cell_52	7	Inhibitory	1831.19	-1090.2
Cell_53	25	OPC	1801.58	-267.56
Cell_54	3	ExcitatoryL2and3	1785.95	-981.25
Cell_55	13	ExcitatoryL2and3	1769.95	-390.59
Cell_56	3	ExcitatoryL2and3	1734.44	-1117.0
Cell_57	3	ExcitatoryL2and3	1687.25	-520.51
Cell_58	3	ExcitatoryL2and3	1664.57	-980.24
Cell_59	7	Inhibitory	1657.9	-799.96
Cell_60	3	ExcitatoryL2and3	1508.52	-527.31
Cell_61	7	Inhibitory	1482.67	-621.1
Cell_62	3	ExcitatoryL2and3	1369.49	-571.13
Cell_63	3	ExcitatoryL2and3	1839.07	-1458.0
Cell_64	13	ExcitatoryL2and3	1802.32	-1738.7
Cell_65	20	Micro	1805.0	-1561.7
Cell_66	13	ExcitatoryL2and3	1812.68	-1319.2
Cell_67	6	ExcitatoryL4	1797.44	-1875.4
Cell_68	3	ExcitatoryL2and3	1712.56	-1428.9
Cell_69	6	ExcitatoryL4	1679.39	-152.2
Cell_70	6	ExcitatoryL4	1649.39	-334.16
Cell_71	13	ExcitatoryL2and3	1632.03	-1623.4
Cell_72	9	ExcitatoryL2and3	1575.96	-228.45
Cell_73	3	ExcitatoryL2and3	1575.84	-1829.6
Cell_74	6	ExcitatoryL4	1556.42	-1741.8
Cell_75	6	ExcitatoryL4	1566.09	-1418.1
Cell_76	6	ExcitatoryL4	1551.13	-363.87
Cell_77	20	Micro	1492.65	-291.89
Cell_78	3	ExcitatoryL2and3	1474.76	-1745.0
Cell_79	3	ExcitatoryL2and3	1466.01	-1617.6
Cell_80	6	ExcitatoryL4	1449.26	-1238.0
Cell_81	6	ExcitatoryL4	1457.75	-1875.9
Cell_82	6	ExcitatoryL4	1457.65	-402.8
Cell_83	6	ExcitatoryL4	1444.82	-238.72
Cell_84	3	ExcitatoryL2and3	1440.75	-1298.3
Cell_85	7	Inhibitory	1427.06	-1401.0
Cell_86	2	Endo	1414.83	-312.93
Cell_87	9	ExcitatoryL2and3	1400.12	-448.36
Cell_88	3	ExcitatoryL2and3	1357.53	-699.92
Cell_89	3	ExcitatoryL2and3	1351.5	-1923.8
Cell_90	3	ExcitatoryL2and3	1339.72	-370.94
Cell_91	6	ExcitatoryL4	1298.05	-781.88
Cell_92	6	ExcitatoryL4	1244.38	-191.29
Cell_93	7	Inhibitory	1232.85	-1960.0
Cell_94	9	ExcitatoryL2and3	1228.13	-739.38
Cell_95	3	ExcitatoryL2and3	1210.65	-374.81
Cell_96	3	ExcitatoryL2and3	1208.0	-1502.4
Cell_97	3	ExcitatoryL2and3	1171.89	-266.0
Cell_98	3	ExcitatoryL2and3	1156.03	-1357.2
Cell_99	10	Astro	1142.25	-446.9
Cell_100	3	ExcitatoryL2and3	1109.02	-1308.9
Cell_101	3	ExcitatoryL2and3	1124.85	-745.68
Cell_102	3	ExcitatoryL2and3	1106.51	-1460.8
Cell_103	3	ExcitatoryL2and3	1064.34	-799.79
Cell_104	25	OPC	992.3	-996.9
Cell_105	25	OPC	990.5	-886.81
Cell_106	7	Inhibitory	969.6	-1198.5
Cell_107	13	ExcitatoryL2and3	956.3	-113.16
Cell_108	3	ExcitatoryL2and3	939.4	-280.75
Cell_109	7	Inhibitory	907.5	-1444.0
Cell_110	6	ExcitatoryL4	894.4	-234.96
Cell_111	3	ExcitatoryL2and3	891.1	-404.65
Cell_112	3	ExcitatoryL2and3	874.3	-1127.0
Cell_113	7	Inhibitory	786.5	-921.13
Cell_114	3	ExcitatoryL2and3	775.7	-796.06
Cell_115	2	Endo	490.8	-1336.0
Cell_116	2	Endo	421.9	-1794.6
Cell_117	10	Astro	270.0	-1383.3
Cell_118	3	ExcitatoryL2and3	1915.47	-1378.7
Cell_119	18	ExcitatoryL5and6	1896.97	-1547.5
Cell_120	6	ExcitatoryL4	1811.07	-1634.0
Cell_121	9	ExcitatoryL2and3	3248.83	-681.3
Cell_122	9	ExcitatoryL2and3	3142.78	-773.77
Cell_123	25	OPC	3121.48	-861.26
Cell_124	19	Astro	3076.52	-682.46
Cell_125	2	Endo	3023.19	-495.56
Cell_126	9	ExcitatoryL2and3	3013.1	-594.86
Cell_127	13	ExcitatoryL2and3	2990.89	-837.63
Cell_128	9	ExcitatoryL2and3	2904.34	-667.59
Cell_129	6	ExcitatoryL4	2865.11	-575.64
Cell_130	19	Astro	2863.69	-830.55
Cell_131	9	ExcitatoryL2and3	2773.15	-822.66
Cell_132	9	ExcitatoryL2and3	2719.27	-926.19
Cell_133	9	ExcitatoryL2and3	3561.82	-1601.6
Cell_134	13	ExcitatoryL2and3	3523.37	-1354.5
Cell_135	13	ExcitatoryL2and3	3495.02	-1800.3
Cell_136	10	Astro	3492.02	-1675.2
Cell_137	9	ExcitatoryL2and3	3423.84	-1597.6
Cell_138	13	ExcitatoryL2and3	3420.45	-911.59
Cell_139	9	ExcitatoryL2and3	3388.07	-1512.5
Cell_140	19	Astro	3289.95	-1083.2
Cell_141	13	ExcitatoryL2and3	3286.12	-1606.3
Cell_142	6	ExcitatoryL4	3229.47	-1456.6
Cell_143	6	ExcitatoryL4	3163.33	-1464.7
Cell_144	9	ExcitatoryL2and3	3140.89	-1080.9
Cell_145	25	OPC	3155.23	-1255.1
Cell_146	23	Inhibitory	3144.8	-1814.4
Cell_147	3	ExcitatoryL2and3	3126.12	-1320.5
Cell_148	19	Astro	3099.55	-376.66
Cell_149	6	ExcitatoryL4	3054.52	-301.91
Cell_150	7	Inhibitory	3054.32	-1376.3
Cell_151	9	ExcitatoryL2and3	3039.23	-1224.7
Cell_152	9	ExcitatoryL2and3	3011.5	-407.08
Cell_153	9	ExcitatoryL2and3	2997.63	-1439.6
Cell_154	2	Endo	2906.28	-1660.6
Cell_155	2	Endo	2897.63	-1213.6
Cell_156	6	ExcitatoryL4	2869.05	-1581.2
Cell_157	3	ExcitatoryL2and3	2865.05	-1496.8
Cell_158	9	ExcitatoryL2and3	2853.74	-375.37
Cell_159	10	Astro	2856.53	-451.05
Cell_160	3	ExcitatoryL2and3	2847.87	-508.2
Cell_161	3	ExcitatoryL2and3	2836.59	-1402.5
Cell_162	6	ExcitatoryL4	2807.27	-1159.9
Cell_163	9	ExcitatoryL2and3	2746.73	-1495.1
Cell_164	9	ExcitatoryL2and3	2729.73	-366.94
Cell_165	9	ExcitatoryL2and3	2729.87	-1388.5
Cell_166	20	Micro	2722.57	-513.53
Cell_167	2	Endo	2710.83	-1039.8
Cell_168	19	Astro	2700.37	-289.92
Cell_169	6	ExcitatoryL4	2686.47	-1555.4
Cell_170	10	Astro	2657.27	-397.93
Cell_171	9	ExcitatoryL2and3	2639.67	-1816.8
Cell_172	3	ExcitatoryL2and3	2637.67	-1311.8
Cell_173	6	ExcitatoryL4	2633.27	-1223.2
Cell_174	3	ExcitatoryL2and3	2621.07	-1954.9
Cell_175	6	ExcitatoryL4	2624.17	-1410.2
Cell_176	7	Inhibitory	2615.77	-1675.7
Cell_177	2	Endo	2607.77	-1002.1
Cell_178	6	ExcitatoryL4	2599.27	-1103.8
Cell_179	9	ExcitatoryL2and3	2590.07	-247.23
Cell_180	9	ExcitatoryL2and3	2583.17	-1534.7
Cell_181	19	Astro	2569.37	-493.17
Cell_182	9	ExcitatoryL2and3	2563.67	-176.2
Cell_183	6	ExcitatoryL4	2543.37	-1197.8
Cell_184	6	ExcitatoryL4	2528.47	-1370.7
Cell_185	9	ExcitatoryL2and3	2530.87	-324.83
Cell_186	6	ExcitatoryL4	2529.57	-1443.6
Cell_187	3	ExcitatoryL2and3	2503.17	-427.71
Cell_188	6	ExcitatoryL4	2501.77	-1535.1
Cell_189	19	Astro	2463.47	-900.27
Cell_190	9	ExcitatoryL2and3	2445.37	-224.88
Cell_191	3	ExcitatoryL2and3	2421.67	-1461.1
Cell_192	10	Astro	2414.97	-1021.7
Cell_193	19	Astro	2408.07	-1117.7
Cell_194	6	ExcitatoryL4	2413.27	-440.01
Cell_195	19	Astro	2407.37	-1737.6
Cell_196	6	ExcitatoryL4	2385.87	-945.65
Cell_197	2	Endo	2364.97	-368.95
Cell_198	7	Inhibitory	2376.57	-561.77
Cell_199	6	ExcitatoryL4	2323.37	-1802.9
Cell_200	13	ExcitatoryL2and3	2332.07	-1326.7
Cell_201	10	Astro	2309.97	-1687.2
Cell_202	9	ExcitatoryL2and3	2296.57	-514.6
Cell_203	2	Endo	2285.47	-1241.1
Cell_204	9	ExcitatoryL2and3	2279.77	-861.75
Cell_205	2	Endo	2251.07	-590.72
Cell_206	9	ExcitatoryL2and3	2252.07	-743.94
Cell_207	13	ExcitatoryL2and3	2247.57	-1463.2
Cell_208	3	ExcitatoryL2and3	2240.87	-1109.0
Cell_209	6	ExcitatoryL4	2226.67	-464.69
Cell_210	9	ExcitatoryL2and3	2203.27	-918.22
Cell_211	19	Astro	2197.37	-1748.9
Cell_212	2	Endo	2162.97	-1205.4
Cell_213	6	ExcitatoryL4	2153.47	-743.17
Cell_214	20	Micro	2126.17	-1087.2
Cell_215	6	ExcitatoryL4	2099.27	-856.63
Cell_216	13	ExcitatoryL2and3	2104.27	-531.71
Cell_217	6	ExcitatoryL4	2086.87	-1751.5
Cell_218	13	ExcitatoryL2and3	2082.07	-653.89
Cell_219	7	Inhibitory	2083.87	-1625.7
Cell_220	2	Endo	2067.77	-751.4
Cell_221	6	ExcitatoryL4	2052.37	-1164.1
Cell_222	6	ExcitatoryL4	2034.97	-1536.8
Cell_223	13	ExcitatoryL2and3	1986.67	-1020.7
Cell_224	13	ExcitatoryL2and3	1965.17	-918.24
Cell_225	6	ExcitatoryL4	1876.87	-1046.5
Cell_226	2	Endo	5195.67	-1033.1
Cell_227	9	ExcitatoryL2and3	5159.8	-794.27
Cell_228	13	ExcitatoryL2and3	5119.29	-892.49
Cell_229	9	ExcitatoryL2and3	4970.61	-1037.7
Cell_230	18	ExcitatoryL5and6	4997.85	-1174.9
Cell_231	12	Neuroblast	4899.09	-864.35
Cell_232	5	ExcitatoryL5and6	4879.9	-1112.1
Cell_233	6	ExcitatoryL4	4851.6	-1240.8
Cell_234	9	ExcitatoryL2and3	4823.56	-1365.4
Cell_235	18	ExcitatoryL5and6	4804.11	-713.46
Cell_236	13	ExcitatoryL2and3	4721.72	-1351.7
Cell_237	11	ExcitatoryL5and6	4682.87	-874.24
Cell_238	19	Astro	4669.97	-1231.8
Cell_239	2	Endo	4637.17	-1699.3
Cell_240	19	Astro	4607.14	-1336.0
Cell_241	18	ExcitatoryL5and6	4547.35	-568.71
Cell_242	5	ExcitatoryL5and6	4537.9	-1744.9
Cell_243	8	NSC	4510.15	-1145.7
Cell_244	10	Astro	4483.3	-1047.9
Cell_245	7	Inhibitory	4442.22	-493.04
Cell_246	19	Astro	4436.92	-999.3
Cell_247	5	ExcitatoryL5and6	4418.12	-1623.1
Cell_248	4	ExcitatoryL5and6	4406.42	-1437.8
Cell_249	18	ExcitatoryL5and6	4392.42	-752.18
Cell_250	18	ExcitatoryL5and6	4317.02	-490.18
Cell_251	18	ExcitatoryL5and6	4240.52	-1073.6
Cell_252	2	Endo	4243.82	-1585.5
Cell_253	19	Astro	4222.32	-761.15
Cell_254	18	ExcitatoryL5and6	4172.12	-529.72
Cell_255	19	Astro	4192.32	-872.18
Cell_256	10	Astro	4158.92	-800.37
Cell_257	9	ExcitatoryL2and3	4094.92	-1122.9
Cell_258	13	ExcitatoryL2and3	4082.02	-1281.7
Cell_259	18	ExcitatoryL5and6	4032.92	-1487.7
Cell_260	7	Inhibitory	3993.32	-1168.7
Cell_261	17	Neuroblast	3968.02	-1620.9
Cell_262	18	ExcitatoryL5and6	3946.22	-998.12
Cell_263	2	Endo	3877.72	-906.57
Cell_264	23	Inhibitory	3829.02	-1769.8
Cell_265	2	Endo	3810.52	-974.49
Cell_266	23	Inhibitory	3812.72	-1879.2
Cell_267	23	Inhibitory	3740.62	-1473.7
Cell_268	18	ExcitatoryL5and6	3661.02	-873.9
Cell_269	18	ExcitatoryL5and6	3673.02	-1327.8
Cell_270	16	Olig	5210.52	-1507.3
Cell_271	11	ExcitatoryL5and6	5074.16	-1522.7
Cell_272	11	ExcitatoryL5and6	5049.17	-1655.5
Cell_273	5	ExcitatoryL5and6	5024.13	-1415.4
Cell_274	23	Inhibitory	4952.79	-1309.2
Cell_275	19	Astro	4929.39	-1484.8
Cell_276	18	ExcitatoryL5and6	4888.54	-1668.2
Cell_277	13	ExcitatoryL2and3	4759.77	-1474.1
Cell_278	7	Inhibitory	4016.92	-876.46
Cell_279	13	ExcitatoryL2and3	3962.02	-1734.5
Cell_280	5	ExcitatoryL5and6	3828.12	-1652.8
Cell_281	2	Endo	3823.62	-1371.3
Cell_282	10	Astro	5297.77	-707.72
Cell_283	13	ExcitatoryL2and3	5288.5	-520.95
Cell_284	8	NSC	5266.38	-623.17
Cell_285	18	ExcitatoryL5and6	5149.68	-1818.8
Cell_286	5	ExcitatoryL5and6	5134.28	-551.91
Cell_287	10	Astro	5101.7	-633.05
Cell_288	5	ExcitatoryL5and6	5019.92	-1820.3
Cell_289	20	Micro	5016.97	-703.15
Cell_290	19	Astro	5003.98	-573.52
Cell_291	4	ExcitatoryL5and6	4872.74	-539.39
Cell_292	9	ExcitatoryL2and3	4802.82	-420.87
Cell_293	23	Inhibitory	4800.77	-325.13
Cell_294	9	ExcitatoryL2and3	4685.65	-1042.1
Cell_295	8	NSC	4653.69	-300.32
Cell_296	2	Endo	4630.36	-713.42
Cell_297	10	Astro	4570.03	-756.36
Cell_298	18	ExcitatoryL5and6	4554.35	-414.39
Cell_299	12	Neuroblast	4510.78	-257.98
Cell_300	5	ExcitatoryL5and6	4278.02	-1904.6
Cell_301	25	OPC	4219.92	-1273.9
Cell_302	23	Inhibitory	4218.32	-1803.1
Cell_303	18	ExcitatoryL5and6	4212.72	-174.8
Cell_304	13	ExcitatoryL2and3	4131.72	-1936.0
Cell_305	16	Olig	3967.12	-695.89
Cell_306	13	ExcitatoryL2and3	3950.32	-602.98
Cell_307	12	Neuroblast	3957.12	-212.18
Cell_308	8	NSC	3943.12	-355.41
Cell_309	23	Inhibitory	3871.12	-496.92
Cell_310	8	NSC	3774.32	-644.44
Cell_311	18	ExcitatoryL5and6	3734.02	-374.85
Cell_312	18	ExcitatoryL5and6	3632.42	-546.78
Cell_313	23	Inhibitory	3623.42	-411.24
Cell_314	2	Endo	4253.22	-1202.5
Cell_315	25	OPC	4170.42	-1411.1
Cell_316	11	ExcitatoryL5and6	6953.87	-734.12
Cell_317	5	ExcitatoryL5and6	6939.31	-1601.5
Cell_318	2	Endo	6921.24	-1495.3
Cell_319	5	ExcitatoryL5and6	6840.72	-1033.3
Cell_320	5	ExcitatoryL5and6	6831.4	-723.27
Cell_321	4	ExcitatoryL5and6	6835.25	-863.07
Cell_322	4	ExcitatoryL5and6	6800.38	-1135.9
Cell_323	4	ExcitatoryL5and6	6774.13	-1297.7
Cell_324	5	ExcitatoryL5and6	6724.11	-701.05
Cell_325	10	Astro	6709.27	-854.93
Cell_326	5	ExcitatoryL5and6	6716.01	-352.2
Cell_327	2	Endo	6687.35	-995.24
Cell_328	5	ExcitatoryL5and6	6675.56	-1091.3
Cell_329	23	Inhibitory	6668.01	-1468.1
Cell_330	20	Micro	6600.69	-1285.5
Cell_331	16	Olig	6588.96	-1700.8
Cell_332	5	ExcitatoryL5and6	6561.13	-653.28
Cell_333	20	Micro	6521.45	-726.66
Cell_334	4	ExcitatoryL5and6	6534.37	-1234.0
Cell_335	10	Astro	6525.94	-877.47
Cell_336	5	ExcitatoryL5and6	6479.36	-432.99
Cell_337	5	ExcitatoryL5and6	6486.6	-1599.6
Cell_338	4	ExcitatoryL5and6	6469.98	-1184.0
Cell_339	10	Astro	6474.36	-1715.2
Cell_340	16	Olig	6431.93	-966.9
Cell_341	4	ExcitatoryL5and6	6422.09	-856.05
Cell_342	26	Non-known	6406.68	-716.81
Cell_343	5	ExcitatoryL5and6	6399.85	-1873.1
Cell_344	20	Micro	6395.82	-366.31
Cell_345	4	ExcitatoryL5and6	6385.38	-1698.0
Cell_346	10	Astro	6336.58	-1441.5
Cell_347	4	ExcitatoryL5and6	6360.15	-985.08
Cell_348	11	ExcitatoryL5and6	6359.06	-1559.7
Cell_349	2	Endo	6356.29	-482.59
Cell_350	4	ExcitatoryL5and6	6345.2	-859.35
Cell_351	4	ExcitatoryL5and6	6323.91	-1768.8
Cell_352	4	ExcitatoryL5and6	6315.73	-1052.8
Cell_353	2	Endo	6306.06	-469.33
Cell_354	5	ExcitatoryL5and6	6275.53	-1909.7
Cell_355	5	ExcitatoryL5and6	6257.98	-699.51
Cell_356	6	ExcitatoryL4	6241.22	-993.52
Cell_357	10	Astro	6246.83	-475.36
Cell_358	7	Inhibitory	6233.12	-1725.6
Cell_359	5	ExcitatoryL5and6	6214.46	-775.74
Cell_360	2	Endo	6224.08	-914.75
Cell_361	2	Endo	6229.47	-1374.1
Cell_362	4	ExcitatoryL5and6	6198.16	-847.67
Cell_363	4	ExcitatoryL5and6	6211.56	-1124.1
Cell_364	19	Astro	6192.55	-499.0
Cell_365	11	ExcitatoryL5and6	6201.32	-336.15
Cell_366	16	Olig	6179.26	-1539.6
Cell_367	6	ExcitatoryL4	6116.47	-1473.9
Cell_368	11	ExcitatoryL5and6	6087.17	-904.01
Cell_369	4	ExcitatoryL5and6	6072.37	-520.84
Cell_370	4	ExcitatoryL5and6	6038.97	-413.05
Cell_371	4	ExcitatoryL5and6	6038.87	-1345.6
Cell_372	7	Inhibitory	6017.67	-1487.5
Cell_373	4	ExcitatoryL5and6	6005.87	-1010.8
Cell_374	5	ExcitatoryL5and6	5996.07	-271.68
Cell_375	4	ExcitatoryL5and6	5980.97	-475.72
Cell_376	4	ExcitatoryL5and6	5989.77	-1259.8
Cell_377	4	ExcitatoryL5and6	5971.07	-580.9
Cell_378	4	ExcitatoryL5and6	5950.47	-1083.2
Cell_379	2	Endo	5955.67	-1612.4
Cell_380	5	ExcitatoryL5and6	5963.77	-748.67
Cell_381	23	Inhibitory	5923.57	-1758.6
Cell_382	5	ExcitatoryL5and6	5918.57	-894.31
Cell_383	5	ExcitatoryL5and6	5909.47	-1354.0
Cell_384	2	Endo	5858.87	-1227.8
Cell_385	4	ExcitatoryL5and6	5850.27	-536.66
Cell_386	11	ExcitatoryL5and6	5804.97	-1534.4
Cell_387	11	ExcitatoryL5and6	5807.27	-784.88
Cell_388	14	NSC	5798.97	-432.49
Cell_389	5	ExcitatoryL5and6	5773.97	-1147.6
Cell_390	11	ExcitatoryL5and6	5739.27	-303.16
Cell_391	5	ExcitatoryL5and6	5693.07	-808.9
Cell_392	9	ExcitatoryL2and3	5669.27	-1609.4
Cell_393	23	Inhibitory	5664.17	-1101.1
Cell_394	18	ExcitatoryL5and6	5647.17	-972.21
Cell_395	6	ExcitatoryL4	5623.87	-1185.6
Cell_396	5	ExcitatoryL5and6	5615.97	-1413.4
Cell_397	19	Astro	5614.07	-1297.3
Cell_398	2	Endo	5605.77	-762.65
Cell_399	5	ExcitatoryL5and6	5595.37	-430.62
Cell_400	18	ExcitatoryL5and6	5576.57	-1702.9
Cell_401	4	ExcitatoryL5and6	5568.87	-592.77
Cell_402	4	ExcitatoryL5and6	5567.07	-1867.0
Cell_403	2	Endo	5544.67	-1413.6
Cell_404	4	ExcitatoryL5and6	5525.57	-1781.4
Cell_405	4	ExcitatoryL5and6	5533.77	-1137.3
Cell_406	4	ExcitatoryL5and6	5502.67	-422.92
Cell_407	2	Endo	5495.17	-1050.7
Cell_408	5	ExcitatoryL5and6	5479.57	-1219.8
Cell_409	16	Olig	5454.17	-843.53
Cell_410	13	ExcitatoryL2and3	5444.27	-1895.4
Cell_411	23	Inhibitory	5396.57	-447.82
Cell_412	4	ExcitatoryL5and6	5395.87	-538.71
Cell_413	4	ExcitatoryL5and6	5386.37	-1185.9
Cell_414	11	ExcitatoryL5and6	5359.97	-972.19
Cell_415	18	ExcitatoryL5and6	5360.37	-325.14
Cell_416	11	ExcitatoryL5and6	5388.07	-1581.5
Cell_417	11	ExcitatoryL5and6	5350.27	-1802.9
Cell_418	5	ExcitatoryL5and6	5294.27	-1108.7
Cell_419	5	ExcitatoryL5and6	6633.67	-1596.6
Cell_420	4	ExcitatoryL5and6	6480.8	-1298.9
Cell_421	18	ExcitatoryL5and6	6408.49	-1352.2
Cell_422	16	Olig	7552.12	429.62
Cell_423	10	Astro	7530.35	184.72
Cell_424	16	Olig	7502.43	609.95
Cell_425	16	Olig	7488.42	262.72
Cell_426	10	Astro	7461.32	-58.07999999999989
Cell_427	25	OPC	7395.16	650.18
Cell_428	16	Olig	7398.69	800.32
Cell_429	2	Endo	7390.71	-97.78
Cell_430	16	Olig	7360.07	388.12
Cell_431	25	OPC	7318.74	581.52
Cell_432	2	Endo	7295.59	6.819999999999941
Cell_433	16	Olig	7248.82	72.52
Cell_434	5	ExcitatoryL5and6	7261.23	-231.48
Cell_435	4	ExcitatoryL5and6	7234.12	788.95
Cell_436	4	ExcitatoryL5and6	7211.56	-19.28
Cell_437	2	Endo	7209.17	-310.28
Cell_438	5	ExcitatoryL5and6	7160.63	295.62
Cell_439	5	ExcitatoryL5and6	7137.62	36.9200000000001
Cell_440	11	ExcitatoryL5and6	7124.44	843.65
Cell_441	4	ExcitatoryL5and6	7108.25	-24.5799999999999
Cell_442	2	Endo	7100.08	525.3
Cell_443	11	ExcitatoryL5and6	7015.45	458.09
Cell_444	4	ExcitatoryL5and6	7023.28	865.12
Cell_445	18	ExcitatoryL5and6	7003.05	238.12
Cell_446	4	ExcitatoryL5and6	6944.04	385.52
Cell_447	25	OPC	6918.81	-38.78
Cell_448	11	ExcitatoryL5and6	6895.21	412.42
Cell_449	5	ExcitatoryL5and6	6875.36	-256.58
Cell_450	20	Micro	6870.82	681.8
Cell_451	5	ExcitatoryL5and6	6881.56	91.31999999999992
Cell_452	16	Olig	6838.85	423.02
Cell_453	11	ExcitatoryL5and6	6825.93	223.82
Cell_454	11	ExcitatoryL5and6	6789.47	-72.98
Cell_455	2	Endo	6729.67	-266.48
Cell_456	11	ExcitatoryL5and6	6732.57	923.04
Cell_457	5	ExcitatoryL5and6	6716.77	297.22
Cell_458	10	Astro	6690.27	1077.03
Cell_459	10	Astro	6669.17	-19.48
Cell_460	2	Endo	6665.47	714.33
Cell_461	2	Endo	6624.57	889.06
Cell_462	4	ExcitatoryL5and6	6615.87	1036.35
Cell_463	5	ExcitatoryL5and6	6621.07	-312.98
Cell_464	4	ExcitatoryL5and6	6615.17	788.88
Cell_465	4	ExcitatoryL5and6	6571.67	847.55
Cell_466	11	ExcitatoryL5and6	6541.77	48.72
Cell_467	4	ExcitatoryL5and6	6536.77	733.59
Cell_468	4	ExcitatoryL5and6	6528.47	787.31
Cell_469	4	ExcitatoryL5and6	6520.87	1004.28
Cell_470	5	ExcitatoryL5and6	6467.07	1080.17
Cell_471	5	ExcitatoryL5and6	6467.47	-88.78
Cell_472	20	Micro	6453.07	689.88
Cell_473	4	ExcitatoryL5and6	6408.47	826.31
Cell_474	4	ExcitatoryL5and6	6368.87	-221.88
Cell_475	4	ExcitatoryL5and6	6358.77	379.52
Cell_476	4	ExcitatoryL5and6	6360.87	-35.3800000000001
Cell_477	4	ExcitatoryL5and6	6338.87	85.6199999999999
Cell_478	13	ExcitatoryL2and3	6329.07	225.72
Cell_479	6	ExcitatoryL4	6312.77	871.45
Cell_480	18	ExcitatoryL5and6	6297.37	979.4
Cell_481	2	Endo	6205.07	-130.38
Cell_482	11	ExcitatoryL5and6	6202.27	360.72
Cell_483	2	Endo	6139.57	-28.98
Cell_484	18	ExcitatoryL5and6	6130.87	240.42
Cell_485	25	OPC	7421.66	563.61
Cell_486	10	Astro	7384.47	500.31
Cell_487	16	Olig	7342.48	921.66
Cell_488	11	ExcitatoryL5and6	7253.27	936.48
Cell_489	16	Olig	7253.4	263.72
Cell_490	10	Astro	7237.37	200.32
Cell_491	5	ExcitatoryL5and6	7224.04	382.12
Cell_492	11	ExcitatoryL5and6	7206.83	631.2
Cell_493	11	ExcitatoryL5and6	7125.99	167.42
Cell_494	5	ExcitatoryL5and6	6992.58	103.02
Cell_495	7	Inhibitory	6704.27	-124.68
Cell_496	10	Astro	6666.77	378.82
Cell_497	4	ExcitatoryL5and6	6589.07	505.09
Cell_498	4	ExcitatoryL5and6	6560.97	-105.98
Cell_499	22	Ependymal	6521.87	357.02
Cell_500	11	ExcitatoryL5and6	6515.97	590.03
Cell_501	12	Neuroblast	6482.57	798.99
Cell_502	4	ExcitatoryL5and6	6399.67	-153.58
Cell_503	5	ExcitatoryL5and6	6395.27	-311.48
Cell_504	10	Astro	6290.07	-200.78
Cell_505	25	OPC	6285.57	547.12
Cell_506	25	OPC	6252.67	678.91
Cell_507	5	ExcitatoryL5and6	6241.27	787.18
Cell_508	7	Inhibitory	6256.27	-289.88
Cell_509	16	Olig	6207.27	565.81
Cell_510	5	ExcitatoryL5and6	6139.17	670.56
Cell_511	10	Astro	7406.31	1036.95
Cell_512	11	ExcitatoryL5and6	6847.45	1179.46
Cell_513	5	ExcitatoryL5and6	6662.67	1207.87
Cell_514	5	ExcitatoryL5and6	6645.07	-519.38
Cell_515	19	Astro	6367.17	1240.76
Cell_516	5	ExcitatoryL5and6	6132.47	1002.12
Cell_517	5	ExcitatoryL5and6	6036.27	966.46
Cell_518	4	ExcitatoryL5and6	6028.17	798.77
Cell_519	4	ExcitatoryL5and6	5980.97	308.12
Cell_520	11	ExcitatoryL5and6	5931.57	1141.04
Cell_521	11	ExcitatoryL5and6	5921.07	981.4
Cell_522	5	ExcitatoryL5and6	5899.27	382.42
Cell_523	8	NSC	9412.0	119.62
